{
  "fertility_score": 49.41,
  "features": {
    "Volume": {
      "value": 3.0,
      "impact": -0.005272261541738281
    },
    "Concentration": {
      "value": 20.0,
      "impact": -0.6437602135684819
    },
    "Motility": {
      "value": 50.0,
      "impact": -0.30823673127884466
    }
  }
}